"Domain Name","Overlap","Common Keywords","Number of Keywords","Monthly Clicks","Monthly Value of Clicks"
"1800packrat.com","0.5404463965711119","25","43040","58950","296600.00"
"1stchoiceshippingcontainers.com","0.21188488006943532","5","1212","308","1687.00"
"316containers.com","0.17643456518994752","1","31","55.00000000000001","0.00"
"321equipment.com","4.221445715070958","4","26","33","0.00"
"360connect.com","0.19333081104614463","13","16610","8340","181300.00"
"4salecontainers.com","0.1176230379564851","1","53","9","81.55"
"aandmcontainer.com","0.6666071579614739","7","832","958","1513.00"
"aaronsupreme.com","0.04683106670395486","2","763","470","2406.00"
"aboxstoragecontainers.com","0.16876349455396794","1","53","48","125.90"
"accontainer.com","0.04777307314912255","2","606","662","1509.00"
"aclbox.net","3.7846550956424374","15","1205","1414.9999999999998","2675.00"
"aconex.com","0.0477417000114049","3","2109","1115","11780.00"
"advancedcontainer.com","0.4219681409473386","10","3515","1865","5879.00"
"aeler.com","0.2156422599185197","1","56","34","587.40"
"affordablecontainers.com","7.054391510281051","15","594","1255","1075.00"
"affordablemobilestorage.com","0.048519506830622956","1","144","53","550.80"
"affordablestoragecontainers.com","1.1690156805996998","4","116","75","76.68"
"akcontainer.com","0.5362912802271227","2","85","66","167.90"
"alaskacustomcontainers.com","0.2597660800888414","2","130","127","161.40"
"alaskadreamsinc.com","0.053172056309235965","1","171","50","639.80"
"alaskamobilestorage.com","0.7916680598937795","2","39","9","42.80"
"alcomobilestorage.com","0.10782112995925985","1","59","41","112.10"
"allaboutcontainers.us","0.27725432097260205","1","23","6","86.18"
"allstatecontainer.com","0.09026884507949522","1","78","7","42.87"
"allstatescontainers.com","2.088702388654229","7","276","83","482.00"
"almacontainer.com","0.1293853493469359","1","71","19","168.90"
"alphastorageinc.com","3.618381758453282","4","42","28.999999999999996","72.44"
"alsjohns.com","0.08086583921422498","1","82","22","105.70"
"americanconex.com","30.919344977511507","28","932","437","1845.00"
"americanconexllc.com","1.4288408680630436","3","54","9","72.09"
"americanfreedomstorage.com","0.0946722057922179","1","83","6","38.78"
"americantrailerrentals.com","0.23952203546798076","5","1159","457","2976.00"
"americanwarehousingofjackson.com","0.6469267137137998","1","12","0","151.90"
"ameritainer.com","0.5545086353410282","1","8","1","0.00"
"amwcontainer.com","8.746985333395312","18","782","619","2117.00"
"anywaystorage.com","1.211897519446123","9","907","1212","3370.00"
"apex-co.com","0.0746453923299609","1","94","70","45.64"
"apmlconex.com","3.8815604804080763","1","-","-","-"
"arizonacontainers.in","0.11416354936862808","1","52","13","21.65"
"armycontainer.com","0.07188074890338929","1","101","65","246.80"
"articcontainers.com","0.9779429033430591","2","35","3","121.40"
"atlascontainer.com","0.055450860232014856","1","163","42","360.70"
"attrailersandcontainers.com","0.3881560480408077","1","-","-","-"
"averdi.com","0.5089054137224107","8","1913","1079","8816.00"
"awolcontainers.com","0.14928188223077887","3","543","133","735.20"
"azteccontainer.com","6.067326423841279","31","8286","5016.000000000001","17190.00"
"aztecstoragecontainers.com","1.5816564467044274","10","948","410","1444.00"
"badgerboxstorage.com","0.059375107794121425","2","583","139","1948.00"
"banthraxcontainers.com","0.09703901035915795","1","80","16","487.30"
"bar-none-transport.com","0.060649383538278694","1","142","42","270.80"
"basinconexcontainer.com","2.532867396021695","4","80","34","78.61"
"bcontainers.com","1.1662414644201293","8","517","74","1097.00"
"bestdealcontainers.com","0.27725432097260205","1","23","12","80.45"
"bigblueboxes.com","0.09199275953712854","4","2046","1036","15160.00"
"bigblueintermodal.com","0.07763120960816154","1","80","18","1908.00"
"bigislandcontainer.com","0.052453515364742284","1","161","94","422.90"
"birkmiretrucking.com","3.320823347692336","8","288","205","989.70"
"bison-jacks.com","0.2650777197202979","5","1072","1545.9999999999998","2235.00"
"blackhawkequipment.com","0.17348407364875387","4","904","381","4301.00"
"blairworxlogistics.com","0.28673971393249975","4","533","129","331.50"
"bluelinecontainers.com","0.06758141716979058","2","519","260","1217.00"
"bmarkostructures.com","0.1625043339904488","6","2777","2927","5836.00"
"boxhub.com","4.758495319798328","29","8035","8293","13520.00"
"boxitalaska.com","0.6469267137137998","1","9","3","0.00"
"boxshopcontainers.com","0.13384691596414744","1","56","12","129.40"
"boxyard.us","0.4054885426437989","2","83","16","321.80"
"braystoragesolutions.com","1.4336985036207393","4","130","98","138.50"
"budgetboxonline.com","1.1442215899147123","6","343","443","536.90"
"budgetconexbox.com","0.2866384388947353","2","94","16","31.11"
"budgetcontainersales.com","1.314651859596236","9","610","94","590.90"
"buildingsimpleinc.com","0.5545086353410282","1","18","4","42.97"
"builtboxcontainers.com","3.582833460717726","19","2347","2353","6802.00"
"buycontainersusa.com","0.9236127585566625","2","-","-","-"
"buyshippingcontainersforsale.com","3.3250057723037623","2","16","0","5.68"
"c-p-c.net","0.2444857340909847","2","168","61","325.80"
"caferemote.com","0.3614136924379391","2","81","9","0.00"
"cakeboxx.com","0.09241810809156334","1","93","38","126.80"
"capps.com","1.0854768837332287","8","878","927","2863.00"
"cargocontainerhq.com","0.2156422599185197","1","50","0","158.70"
"carolinaboysportablestorage.com","0.0946722057922179","1","97","10","402.90"
"carolinacontainerconnection.com","0.961848361516654","4","164","47","80.25"
"carolinacontainers.com","11.694019588493799","26","2048","1117","3580.00"
"carolinamobilestorageandcontainers.com","0.48519506830622955","1","31","19","0.00"
"cascadecontainer.com","3.7959399812492207","21","3150","8851","6660.00"
"centexmobilestorage.com","0.18483621288103874","1","42","10","808.60"
"centralvirginiacontainers.com","0.2216670514869175","2","198","237","307.30"
"cfscontainers.com","0.16173167842844996","1","83","70","23.90"
"cgicontainersales.com","0.7821593674012289","9","1634","899","2479.00"
"charlottenccontainers.com","0.6469267137137998","1","10","0","0.00"
"chicagocontainerdeals.shop","1.293853493469359","1","-","-","-"
"choochootrailers.com","0.056254495983264007","1","138","222","51.05"
"chs-containergroup.com","0.059891531236609084","3","1716","787","3250.00"
"chuckhenry.com","0.1550679988813542","3","603","434","511.40"
"ciscocontainers.com","3.5206766079834835","12","565","255","1101.00"
"clarkscontainers.com","1.039064287334486","2","40","56.99999999999999","33.96"
"clearingandsettlement.com","1.3198662527372405","5","184","71","615.20"
"coastalcarolinacontainers.com","1.473339045945506","5","178","157","0.00"
"coastalcontainit.com","0.27725432097260205","1","22","0","0.00"
"cognex.com","0.12652622657962362","13","35890","34080","112300.00"
"collegestationrealestate.com","0.065789162699716","1","110","23","37.99"
"coloradoshippingcontainers.com","2.667169620384348","3","26","1","54.32"
"coloradostorage.co","1.1174415244673286","4","140","116","395.80"
"completecontainer.com","0.9380990184416532","4","150","107","484.80"
"conex-solutions.com","55.10895544035502","14","67","87","209.70"
"conex-tech.com","3.8815604804080763","1","6","1","0.00"
"conex.com","0.9703901366124591","1","18","140","8.85"
"conex.com.ph","3.8815604804080763","1","-","-","-"
"conex.mn","3.8815604804080763","1","-","-","-"
"conexaz.com","1.039064287334486","2","31","12","0.00"
"conexbanninger.com","0.1970814876566682","3","586","347","363.30"
"conexbox.us","8.001508927194804","3","8","1","13.45"
"conexboxes.com","25.99477609684567","34","2239","738","4119.00"
"conexboxsales.com","3.0775033827351095","3","57","17","29.52"
"conexboxshippingcontainers.com","22.92066891157847","9","46","18","235.90"
"conexcable.com","0.25576968190478655","2","149","124","339.80"
"conexcoffeellc.com","0.6927095689174968","2","72","14.000000000000002","131.90"
"conexconnectandaccessories.com","5.541676617381734","2","-","-","-"
"conexcontainerstd.com","1.1875020568197896","2","24","6","77.57"
"conexdepot.com","57.598029720315694","52","6057","15850","12920.00"
"conexdepotshipping.com","0.05874569020369565","2","482","185","808.70"
"conexed.com","0.14317192981386637","5","1795","1649","8417.00"
"conexfruit.com","1.9407802732249182","1","3","16","8.85"
"conexgloballlc.com","1.6625028861518811","2","12","0","0.00"
"conexgroup.com","0.9703901366124591","1","-","-","-"
"conexhaven.com","0.7228273848758782","2","41","28.000000000000004","135.60"
"conexhub.com","91","20","121","205","248.40"
"conexhub.marketing","3.8815604804080763","1","-","-","-"
"conexia.com.br","0.1492907813578338","1","88","193","1.22"
"conexintl.com","5.541676617381734","2","-","-","-"
"conexking.com","0.9998160330594887","4","159","121","405.30"
"conexkw.com","3.8815604804080763","1","-","-","-"
"conexlogisticllc.com","8.001508927194804","3","8","1","0.00"
"conexmobilesolutions.com","0.7228273848758782","2","39","13","64.83"
"conexmodular.com","3.8739623760097723","12","589","851","887.10"
"conexnet.com","1.9407802732249182","1","6","2","0.00"
"conexoffcoast.com","0.35098934746423777","5","661","292","1278.00"
"conexpoconagg.com","0.046111690331207045","8","19440","5941","50400.00"
"conexrecycling.com","0.20429265338770097","1","53","51","8.85"
"conexsmart.com","0.5545086353410282","1","15","4","0.00"
"conexsolution.com","1.9407802732249182","1","7","26","8.85"
"conextalk.com","9.737047394868505","15","461","210","897.30"
"conexusa.net","30.051470407068702","10","56","72","75.84"
"conexusfood.com","0.34194481296592777","3","244","96","603.10"
"conexwest.com","22.191708558732586","54","29120","57550","54310.00"
"conexwt.com","3.618381758453282","4","48","135","49.28"
"connex-llc.com","0.5545086353410282","1","14","2","73.67"
"connex-now.com","4.0007546287018","3","13","34","2.24"
"connex-unit.org","0.4312845198370394","1","20","251","2.24"
"connexafrica.com","0.31971211889142304","2","51","3","57.39"
"connexconnexion.com","47.4549301824302","14","73","155","173.40"
"connexcontainerssolutions.com","0.7763120960816154","1","12","3","22.13"
"connexcu.org","0.07873360506977185","8","12140","13460","57980.00"
"connexgloballogistics.com","0.9703901366124591","1","9","5","0.00"
"connexin.co.uk","0.05708177468431404","1","127","155","349.30"
"connexservice.ca","1.473618831858443","6","282","218","2468.00"
"connextfx.com","0.2866384388947353","2","129","50","405.90"
"consealcontainersllc.com","1.1875020568197896","2","30","25","0.00"
"container-xchange.com","0.7230696920904579","18","10220","6578.000000000001","27860.00"
"containeralliance.com","2.438344302615533","23","7221","3555","8613.00"
"containerauction.com","0.16848341475520226","4","962","194","1392.00"
"containeraxis.com","0.15393545865874775","2","171","13","58.14"
"containerco.com","0.06809755333062563","1","142","25","353.60"
"containercorp.ca","0.48519506830622955","1","17","4","0.00"
"containerdaddy.com","0.35286913037989504","1","15","2","0.00"
"containerdepotco.com","3.7578774737401455","17","1695","1201","3059.00"
"containerdepotrockford.com","0.052453515364742284","1","151","24","98.57"
"containerease.com","0.1287674296267904","5","1863","1858","3249.00"
"containerhomesco.com","0.1847225484092445","2","182","44","190.30"
"containerizecorp.com","0.2587706986938718","1","26","0","87.92"
"containerking.com","2.771839006447454","20","3968","2713","6326.00"
"containerliquidators.com","2.860271233505118","8","284","420","286.90"
"containerlocals.com","2.005336885363952","6","184","73","347.40"
"containermgt.com","4.909783121402788","22","3035","1938","6273.00"
"containermodificationworld.com","0.113030470905684","5","2738","4184","3441.00"
"containermonster.com","1.511366320176037","2","16","3","0.00"
"containermovers.com","0.6984976007790895","8","1773","1752","6524.00"
"containerone.net","24.192773863110165","51","14480","23620","30080.00"
"containers4less.com","2.839544522686995","8","240","89","1127.00"
"containersales.com","1.162450964628796","5","204","101","612.80"
"containersalesgroup.com","5.9938041145540035","27","4984","1624","7245.00"
"containerscoast.com","0.6469267137137998","1","12","1","13.29"
"containerscolorado.com","1.2502357512999431","3","81","117","208.20"
"containerservicecorp.com","0.1293853493469359","1","56","68","48.20"
"containersouth.com","0.6505607935984199","6","564","443","738.50"
"containerspecialtiesak.com","0.33928630194851134","2","126","154","160.80"
"containerstop.com","0.15319763021847377","4","1199","687","1875.00"
"containerstorage.net","2.9930935611062806","13","1339","535","4861.00"
"containersuppliesco.com","5.541676617381734","2","11","1","0.00"
"containertech.com","0.12203117018631143","6","3386","1644","8494.00"
"containertransport.com","0.8417857640891838","12","3284","1892","9565.00"
"containervibe.com","0.07610902961033077","1","154","70","91.86"
"containerx-press.com","0.16173167842844996","1","87","22","107.00"
"containit.info","0.06692345963311772","1","110","28.999999999999996","5.80"
"contimod.com","0.2053676151025311","4","645","62","1000.00"
"covecontainers.com","0.3637049452323311","3","214","83","458.10"
"cratersandfreighterscolumbia.com","0.052453515364742284","1","155","35","897.40"
"ctcdistributing.com","6.269317455878389","13","530","190","3276.00"
"cuevascontainercompany.com","0.04733610454715293","1","104","9","25.26"
"cumberlandcontainerco.com","0.23090318963916562","2","156","80","198.00"
"customcontainermods.com","0.1679295819582042","2","193","40","235.40"
"dainton.com","0.049763594886640596","1","196","53","408.50"
"dallasconex.com","1.9051211574173916","3","40","14.000000000000002","67.22"
"dartaw.com","0.052453515364742284","1","204","131","606.40"
"dashmobilestorage.com","0.09779428703221796","2","391","106","1328.00"
"decaturcontainers.com","0.38662856819179947","2","93","140","69.91"
"deltaleasing.com","0.051754143040862316","1","180","118","138.60"
"deluxeconex.com","1.9407802732249182","1","7","1","0.00"
"dencocontainer.com","2.534143157705435","5","121","32","209.00"
"denvercontainerpros.com","0.35286913037989504","1","28","2","159.70"
"dfwcontainersales.com","1.8930297368261297","8","374","230","375.00"
"discovercontainers.com","0.12465730423127012","7","5199","3406","6293.00"
"diversifiedcontainers.com","0.11416354936862808","1","71","45","208.60"
"dominoclamps.com","0.1844354483714737","5","1752","902","2027.00"
"dpcontainers.com","0.11416354936862808","1","56","33","0.00"
"dryboxusa.com","3.8801382711232666","26","7317","7742","14390.00"
"duncanandson.com","0.4939203074091487","3","185","276","189.20"
"duracancontainers.com","4.701931213443664","10","320","145","538.50"
"eagleleasing.com","0.6346504752593599","13","5064","6145.000000000001","13130.00"
"easystoreshippingcontainers.com","0.053172056309235965","1","182","8","169.50"
"ebtechindustrial.com","0.055450860232014856","1","149","192","1148.00"
"efga.org","2.012120034453478","9","485","62","372.20"
"endlessstoragesolutions.com","3.7993011765847418","4","42","11","0.00"
"epstoragecontainers.com","0.18483621288103874","1","43","86","24.00"
"equipmentsolutionsnc.com","2.857681736126087","3","46","19","17.03"
"erickillian.com","0.9703901366124591","1","5","0","0.00"
"esequipsales.com","1.5737234775659954","8","491","382","1152.00"
"eveoncontainers.com","14.842928311924373","41","9798","14070","23380.00"
"everythingcontainer.com","1.9407802732249182","1","-","-","-"
"expocontainersale.com","1.293853493469359","1","-","-","-"
"falconstructures.com","5.230023244159178","28","6430","7258","16020.00"
"firstclasscontainers.com","1.1802927072371354","8","699","182","532.80"
"flexible7.com","0.04913367537884474","1","149","5","292.60"
"florens.com","0.059716312543133525","1","138","121","596.10"
"floridashippingcontainersco.com","0.12788484095239327","2","252","103","614.20"
"foursonslogistics.com","0.179635985697387","4","973","255","1288.00"
"freedom-warehousing.com","0.18483621288103874","1","45","3","59.90"
"freedomconex.com","-","-","120","99","571.00"
"freedomexpress.com","0.24259753415311477","1","44","70","221.30"
"freedomintermodal.com","0.06260581451968718","1","136","31","461.90"
"freedomlogisticsuk.com","1.293853493469359","1","11","0","0.00"
"freedomselfstorage.org","0.1176230379564851","1","108","89","254.50"
"freedomselfstoragefwb.com","0.11416354936862808","1","98","102","75.96"
"freedomstorage.org","0.07921551508889094","1","143","39","466.60"
"freedomstorageinc.com","0.10490703733366051","1","127","32","336.80"
"freedomstoragenc.com","0.11090172376611769","1","93","61","20.19"
"freedomstorageshops.com","0.9703901366124591","1","11","1","20.19"
"freedomstoragetn.com","0.24259753415311477","1","57","17","40.38"
"freedomusa.com","0.1293853493469359","1","85","83","348.50"
"freedomwarehousingsolutions.com","1.9407802732249182","1","13","1","0.00"
"freedomwarehousingsolutions.tumblr.com","3.8815604804080763","1","-","-","-"
"gauthiersrental.com","0.06469267467346795","1","119","119","365.30"
"getsimplebox.com","0.2681461849580749","9","4809","1375","15170.00"
"gocontainers.com","1.706626805384842","10","821","833","1156.00"
"goldstarcontainers.com","0.12129876707655739","1","74","32","0.00"
"gominis.com","0.05592802515073396","6","9239","9342","70540.00"
"govplanet.com","0.09719675110105583","20","121800","128800","216800.00"
"gpstoragecontainers.com","0.06814889749633152","4","1689","119","2549.00"
"grand-storage.com","0.045665416445363274","1","163","45","132.60"
"grandboxoregon.com","0.2759140827193355","3","322","143","413.90"
"grandrapidscontainers.com","0.27725432097260205","1","28","8","76.74"
"grscontainers.com","1.3815640492031427","4","78","8","346.10"
"haletrailer.com","0.08480942710551924","9","15970","15609.999999999998","23550.00"
"hardywoods.co","0.21875038323270854","2","180","44","344.00"
"harpersteel.com","2.9253038746446127","14","1245","343","833.30"
"healdworks.com","0.40167357438067436","7","1416","644","3022.00"
"heartlandshippingcontainers.com","0.123148365606163","2","274","181","403.50"
"herculescontainers.com","0.9525605787086958","3","91","15","163.50"
"hillcrest.qld.edu.au","0.14376149780677858","1","51","42","120.60"
"hkcmobilestorage.com","0.48519506830622955","1","17","3","0.00"
"houstoncontainerdepot.com","0.07763120960816154","1","105","71","227.90"
"hptrailerleasing.com","0.057526054109029355","2","617","288","523.70"
"hrcontainers.com","1.5830421018755096","4","94","51","157.90"
"hugghallmobilestorage.com","0.050997020500632095","2","748","456","2987.00"
"hwtrucking.com","0.48519506830622955","1","17","17","0.00"
"idahostoragecontainers.com","0.7693758291733376","3","121","131","372.90"
"indianaconex.com","2.532867396021695","4","88","181","21.44"
"integratedequipmentsales.com","0.9089230570323932","9","1320","487","3489.00"
"interconex.com","0.11233127359246595","2","301","122","4551.00"
"interiorconexandstorage.com","6.7075058491408095","6","79","38","85.60"
"intermodalcontainersusa.com","0.16173167842844996","1","64","5","148.00"
"interstateconex.com","2.078128574668972","2","18","22","0.00"
"iport.com","0.1911118508634833","5","1572","930","4745.00"
"is4s.com","0.045665416445363274","1","375","187","536.60"
"jakecontainers.com","0.29925796241360275","6","1502","736","6472.00"
"jb-storage.com","0.5195321271568032","2","78","40","328.70"
"jbcontainers.com","0.5545086353410282","1","13","8","0.00"
"jcwcustomizedconex.com","1.293853493469359","1","3","0","0.00"
"jencosales.com","0.385128132443192","5","718","301","2128.00"
"jprivard.com","0.21625697661334303","3","326","93","274.60"
"karstind.com","1.293853493469359","1","10","7","0.00"
"kellycontainer.com","1.4133388859212432","9","669","224","2472.00"
"kkcontainer.com","2.1780728379642573","13","1343","529","2593.00"
"kountrylogistics.com","0.24259753415311477","1","45","20","0.00"
"kpstoragecontainers.com","3.1660842037510193","4","47","8","159.70"
"kraftedtech.com","0.16173167842844996","1","34","1","9.11"
"kwik-stor.com","0.060649383538278694","1","135","35","151.40"
"landcontainers.com","3.7342728281595963","17","1670","1374","1748.00"
"largescalecontainers.com","0.2481347724340681","2","110","8","396.10"
"larsentransfer.com","0.40634236352787967","4","432","291","2364.00"
"lex.education","0.06157417950099355","2","488","549","422.00"
"lifebalancenw.com","1.2788484755656921","2","-","-","-"
"likewfh.com","4.1562572153797035","2","6","0","0.00"
"loadconnex.com","0.11090172376611769","1","63","26","165.60"
"longhornshippingcontainers.com","6.413771916656315","13","434","122","763.30"
"madriverfab.com","0.6469267137137998","1","28","12","121.30"
"maerskcontainersales.com","0.12047122090638249","2","282","520","566.90"
"maineconex.com","0.07135205490203848","2","542","150","2170.00"
"mainecontainerdepot.com","4.468807105483675","16","1104","1278","2193.00"
"mainetrailer.com","0.06428597300974903","4","2610","2156","4792.00"
"maloystorage.com","0.36290612392532917","6","1051","538","5113.00"
"mannscans.com","0.05466986359582646","1","96","26","169.60"
"matson.com","0.05061445709990823","8","22430","17040","99460.00"
"maxwellcontainer.com","12.46990855502409","14","283","232","549.90"
"mccontainers.com","0.055423789714910424","4","2905","2693","6438.00"
"mcsr1.com","0.7018867317787612","3","99","28.000000000000004","29.22"
"mcsrllc.com","0.22832709873725615","1","44","25","0.00"
"miamiconexdepot.com","1.2664337145212874","4","155","45","407.30"
"michigancontainerpros.com","0.48519506830622955","1","24","2","38.37"
"midsouthcontainersales.com","0.23090318963916562","2","117","337","119.50"
"midstatecontainers.com","0.4846645218335326","12","5239","4668","9889.00"
"milehighmobilestorage.com","0.07921551508889094","1","81","41","628.40"
"mishippingcontainers.com","0.07356207633258934","2","408","776","627.80"
"mobilemodularcontainers.com","2.3079129838860646","24","9299","5994","30500.00"
"mobilestoragene.com","0.17244630995480456","3","520","197","4632.00"
"mocanmt.com","0.15211993437481186","3","476","375","913.60"
"modernstoragecontainers.com","0.0946722057922179","1","83","83","82.51"
"modularshippingcontainers.com","0.35286913037989504","1","20","15","0.00"
"mountainmancontainers.com","0.06363213978093948","1","119","0","84.91"
"mountainselfstore.com","0.9703901366124591","1","7","2","0.00"
"mtstatetrailer.com","0.07057382541556143","1","120","36","205.30"
"mustangcontainer.com","0.05793373649287269","1","153","52","202.20"
"myfreedomstorage.com","0.1492907813578338","1","84","118","40.38"
"myhomereteam.com","0.08258639214631398","1","76","17","58.16"
"newmexicoconex.com","0.8750015329308342","2","49","13","33.37"
"nexgencontainer.com","1.652587475485172","9","713","239","1435.00"
"noblecontainers.com","0.9703901366124591","1","9","0","0.00"
"norcalcontainers.com","0.9442605824933964","6","440","158","1103.00"
"northcarolinaconex.com","3.333962025480435","3","21","2","0.00"
"northeastlouisianacontainersllc.com","0.2216670514869175","2","154","161","215.10"
"northernfreedomstorage.com","1.9407802732249182","1","-","-","-"
"npsa.org","0.12559673174574026","4","1269","574","1765.00"
"ntslogistics.com","0.07439675501276002","9","15880","16239.999999999998","60580.00"
"nwcontainer.com","0.12406738621703405","2","349","124","168.40"
"nwcontainer.net","0.369445096818489","2","92","77","216.30"
"nwokcontainers.com","0.12129876707655739","1","45","6","0.00"
"octi.ca","0.14209427029317206","2","255","36","832.80"
"okcontainer.com","0.7312694699361402","6","517","391","934.30"
"onsitestorage.com","12.919204511769783","46","20240","13780","40410.00"
"onsitestoragesolutions.com","0.22153358109153312","4","788","344","1592.00"
"orbitaltransportinc.com","0.12788484095239327","2","419","291","957.30"
"oregoncontainers.com","0.27725432097260205","1","40","7","0.00"
"orlandoshippingcontainers.com","0.06260581451968718","1","121","42","323.10"
"ostcontainer.com","0.5134190377563278","4","330","68","694.20"
"outbackstoragecontainers.com","1.104593991774753","13","2682","5368.000000000001","5648.00"
"packpros.net","0.052453515364742284","1","179","207","61.80"
"pagest.com","0.3490555291811863","5","747","371","2298.00"
"pdxcontainer.com","0.4022449478689213","5","614","359","982.50"
"pelicancontainers.com","1.353588826039148","17","5324","2192","8325.00"
"peohalloraninc.com","0.155262425820499","1","51","69","8.81"
"pods.com","0.47655003691988346","38","198500","216600","741800.00"
"priddysstoragewv.com","0.14376149780677858","1","53","51","0.00"
"proboxportablestorage.com","0.4127268845587509","5","772","309","2695.00"
"ptcontainers.com","1.3300700017247058","7","329","53","248.30"
"q3containers.com","0.046765789378097444","1","183","132","195.90"
"quickboxcontainers.com","0.487896869696815","3","193","134","205.60"
"quickspacewy.com","1.9407802732249182","1","11","4","0.00"
"railboxconsulting.com","0.07921551508889094","1","113","79","271.30"
"rentacontainer.com","0.05502246054830409","4","3011","1168","7077.00"
"rentthebackyard.com","0.09665848764879399","9","11210","11260","7155.00"
"rockycontainers.com","4.1562572153797035","2","9","1","0.00"
"rockymountaincontainerhomes.com","0.20317118176393983","4","826","833","428.90"
"rockymountaincontainers.com","2.676017366950621","9","439","262","1057.00"
"rockymtncontainer.com","0.7763120960816154","1","10","2","0.00"
"rt60container.com","0.3234633568568999","1","13","6","0.00"
"ruggedcabin.com","0.2587706986938718","1","28","9","17.53"
"sa-conex.com","1.9407802732249182","1","5","2","0.00"
"saywherestorage.com","0.3881560480408077","1","21","3","0.00"
"scribnerplastics.com","0.13384691596414744","1","84","228","162.60"
"scshippingcontainers.com","0.24259753415311477","1","26","6","0.00"
"seabox.com","0.371250282265019","9","4047","4034","6639.00"
"seaboxconnex.com","0.4312845198370394","1","18","14.000000000000002","12.04"
"seaboxconnex.net","3.8815604804080763","1","-","-","-"
"seacoglobal.com","0.10683570766158068","5","2597","835","7824.00"
"seacontainerhq.com","0.10214632669385049","1","105","7","63.23"
"seacontainersales.com","3.124618894598114","11","559","962","986.60"
"seattlecontainercompany.com","0.05708177468431404","1","138","49","828.50"
"selfstoragesolutions.llc","0.04913367537884474","1","146","63","343.70"
"shipfreedomfreight.com","0.5545086353410282","1","36","5","55.66"
"shipped.com","4.748553723574088","24","4326","2834","5291.00"
"shippingconex.com","52.612368910283024","45","3247","2685","5704.00"
"shippingcontainer.world","0.2778301720921242","3","308","26","267.70"
"shippingcontainerdeals.com","0.4889714351610898","2","45","5","0.00"
"shippingcontainerpro.com","0.07188074890338929","1","117","62","68.21"
"shippingcontainersale.com","0.7228273848758782","2","30","5","190.80"
"shippingcontainersforsaleusa.com","3.971476335586627","7","115","12","99.48"
"shippingcontainersforyou.com","1.1513033468185525","4","120","72","296.40"
"shippingcontainersofnewengland.com","0.8269056311522027","7","625","841","1161.00"
"shippingcontainersunlimited.com","0.30308744335331606","3","255","435","422.80"
"shippingcontainertool.com","0.06969955470073812","3","1257","330","1827.00"
"shippingcontainerz.com","0.4156257215379703","2","62","7","54.12"
"shippingunits.com","0.5545086353410282","1","15","9","46.39"
"ships-machine.com","1.293853493469359","1","16","0","0.00"
"simpleshippingcontainers.com","4.224014409295835","15","871","522","853.60"
"simplifiedstoragemn.com","0.07323698907491497","1","114","57.99999999999999","248.00"
"siteboxstorage.com","0.9638424263945543","13","3621","3025","21000.00"
"skymaxcontainers.com","0.49302392261125055","5","512","95","1106.00"
"skysmiletechnologies.com","0.0946722057922179","1","127","41","105.30"
"smallstorageservices.com","0.2156422599185197","1","34","13","192.30"
"solidboxcontainer.com","0.05040987624028328","1","150","9","83.98"
"sopogy.com","0.13970612433173996","2","297","26","421.30"
"sourdoughexpress.com","0.369445096818489","2","124","79","332.50"
"southeastcontainer.com","0.2532867230917297","4","604","190","1447.00"
"southernoregon-storage.com","0.3234633568568999","1","19","9","0.00"
"southfloridaintermodal.com","0.053172056309235965","1","193","71","778.30"
"speedycontainer.com","0.07610902961033077","1","124","87","60.65"
"spokanecontainerguys.com","1.039064287334486","2","43","14.000000000000002","0.00"
"sr1containers.com","3.1682566474205744","7","157","261","288.20"
"steelboxcontainers.com","1.7952441805144805","16","2928","1157","5863.00"
"steelconexdepot.com","8.312514430759407","2","10","1","0.00"
"steelcontainers.net","0.12135057683666578","2","266","128","737.90"
"steelshippingcontainer.com","0.09241810809156334","1","91","1","64.15"
"steelstored.com","0.07455170218824289","2","472","223","1285.00"
"storagecargocontainers.com","0.8697292211669934","3","94","81","439.80"
"storagecontainer.com","0.048611195907036574","2","734","166","4377.00"
"storagecontainerhq.com","1.4163603954682145","10","1062","147","1377.00"
"storageon-site.com","0.2375004311764857","2","156","103","425.70"
"storeandsellanchorage.com","0.7228273848758782","2","48","11","4.42"
"storewithfreedom.com","0.17643456518994752","1","62","19","40.38"
"storms-specialty.com","4.7341361471186865","10","312","92","886.70"
"strategicwarehousing.com","0.051754143040862316","1","171","50","1095.00"
"summitlogisticsalaska.com","0.23415533021768636","2","155","127","353.30"
"superiorcontainers.net","0.21044339979928384","2","165","105","216.40"
"surpluscontainers.net","4.221445715070958","4","33","27","17.53"
"swmobilestorage.com","0.5779944057549805","12","4809","2226","16870.00"
"syracusecontainers.com","0.055450860232014856","1","144","52","568.20"
"taylord.com","0.17139205563357796","2","209","193","251.20"
"teijin.com","0.12230420002728033","5","2456","1104","3790.00"
"texasconex.com","0.07921551508889094","1","120","34","164.50"
"texcancontainersales.com","0.31971211889142304","2","89","43","119.70"
"textainer.com","0.6622806302314281","9","1812","836","6023.00"
"theconexguys.com","2.770838275669987","2","10","2","0.00"
"thecontainercity.com","2.303946218639372","10","624","373","2510.00"
"theduncansales.com","1.5838394240345774","5","146","79","97.59"
"theship.ai","0.6059740867377225","6","614","84","1390.00"
"theshippingcontainercompany.com.au","0.20429265338770097","1","30","4","24.88"
"theshippingcontainers.com","0.4054885426437989","2","64","31","8.03"
"tidewaterstorage.net","0.8890565731489954","3","120","78","122.60"
"titancontainers.com","0.1942113788427096","3","510","327","2044.00"
"tomkraemerinc.com","0.1978816628197342","6","2094","2263","5738.00"
"totalcontainers.com","0.25189438449461415","2","100","107","109.10"
"totaldisposal.com","0.40106737707279044","6","1014","530","2026.00"
"totalstorageservices.com","0.14583359432528564","2","214","86","1062.00"
"tptrailersinc.com","0.47355854335247777","13","6485","4474","13040.00"
"tradecorp-usa.com","2.6735804260353886","24","7320","3089","12560.00"
"transcontainerusa.com","0.16173167842844996","1","48","19","188.80"
"transoceancontainers.net","2.7465876096007444","14","1251","814","1769.00"
"transportplanning.com","0.6439493530828674","4","215","34","254.80"
"treedogstorage.com","0.0946722057922179","1","88","57.99999999999999","61.21"
"tristarjax.com","0.060649383538278694","1","142","28.999999999999996","25.16"
"tritoncontainer.com","0.16447190291454986","4","1248","1048","2420.00"
"triwich.com","0.0928249253283609","3","1148","525","2515.00"
"tscok.com","0.6382038521142126","8","1350","570","2612.00"
"tuffshippingcontainers.com","8.20581802498055","22","1464","287","3206.00"
"united4storage.com","0.045665416445363274","1","223","140","429.00"
"upnorthstoragecontainers.com","2.6765163124415308","13","1066","1426","2362.00"
"upstatecontainers.net","1.080653788015605","6","320","377","461.00"
"usa-containers.com","0.0711877991405935","3","1297","664","2409.00"
"usacontainers.co","7.596803375648322","30","5479","4446","7127.00"
"usconex.com","15.458333161878768","20","707","203","1927.00"
"uscontainersales.com","0.5687651689665709","6","684","126","748.40"
"usedconex.com","54.6405674714363","48","4348","5294","8726.00"
"usedconexjobs.com","1.9407802732249182","1","4","0","0.00"
"ushazmatstorage.com","0.04717870722240299","3","1904","706","8539.00"
"vanwestpartners.com","0.12129876707655739","1","71","66","70.13"
"versavaultmobilestorage.com","1.0328748536603518","7","567","250","1468.00"
"vetboxcontainers.com","0.053172056309235965","1","154","117","113.20"
"vilelaconex.com","3.8815604804080763","1","2","0","0.00"
"vivacontainers.com","0.5955276012642424","8","1281","360","1935.00"
"wanderingaxeman.blogspot.com","0.04733610454715293","1","171","93","409.50"
"warehousingit.com","0.053172056309235965","1","154","67","514.30"
"wareops.com","3.1275286945093645","10","485","342","1301.00"
"watsoncontainersales.com","0.5545086353410282","1","-","-","-"
"wavecontainers.com","1.293853493469359","1","15","0","26.85"
"westerncontainersales.com","11.386721999500622","31","4299","2171","14360.00"
"westgulf.com","0.4332242323471013","6","874","517","1339.00"
"whhsmaf.com","0.2156422599185197","1","90","196","19.32"
"willscot.com","3.12450573204369","41","41830","26270","147500.00"
"wilmotmodular.com","0.09830015700158222","4","1729","697","11200.00"
"wilshipco.com","0.20429265338770097","1","33","17","0.00"
"wiscontainer.com","0.6923271210898516","8","1267","1204","3108.00"
"wnccustomstoragesolutions.com","1.8930297368261297","8","456","444","396.00"
"worthycontainer.com","0.2372166827579953","6","1920","854","3658.00"
"wystoragecontainer.com","0.9703901366124591","1","7","3","0.00"
"xcalibercontainer.com","2.341702919782377","21","6072","4929","11290.00"
"xscargo.net","0.08625690066531992","1","79","38","182.60"
"yandlemobilestorage.com","0.155262425820499","1","44","7","81.95"
"yescontainers.com","0.5999464553736783","7","1110","238","1497.00"
"yournextcontainer.com","0.08625690066531992","1","84","39","132.10"
"yourshedguy.com","9.557491739064945","8","84","19","145.10"
"yourspacecontainers.com","0.5937510118994549","2","46","10","129.30"
"zirconcontainer.com","1.1732144505465336","5","234","171","571.40"
